Player,Span,Mat,Inns,NO,RunsDescending,HS,Ave,BF,SR,100,50,0,4s
S Dhawan,2008-2024,232,231,29,7133,106,35.31,5621,126.89,2,53,11,809
RG Sharma,2008-2025,269,264,30,6950,109,29.70,5312,130.83,2,44,18,623
DA Warner,2009-2024,186,185,22,6586,126,40.40,4715,139.68,4,62,11,667
SK Raina,2008-2021,229,224,32,6370,109,33.17,4599,138.50,2,44,8,575
MS Dhoni,2008-2025,289,253,104,5692,84,38.20,4132,137.75,0,25,8,391
AM Rahane,2008-2025,192,178,18,4986,105,31.16,4034,123.59,2,35,13,511
SV Samson,2013-2025,175,170,20,4677,119,31.18,3368,138.86,3,29,11,381
RV Uthappa,2008-2022,179,175,14,4613,88,28.65,3571,129.17,0,24,7,470
AT Rayudu,2010-2023,226,207,34,4567,100,26.39,3630,125.81,1,22,15,375
G Gambhir,2008-2018,172,169,18,4545,93,30.09,3680,123.50,0,39,15,525
KL Rahul,2014-2024,113,109,17,4266,132,46.36,3192,133.64,4,33,3,359
KD Karthik,2008-2021,210,193,38,4183,97,26.98,3214,130.14,0,21,12,407
KA Pollard,2010-2022,211,193,57,3915,87,28.78,2663,147.01,0,18,6,250
SA Yadav,2011-2025,159,142,26,3746,103,32.29,2578,145.30,2,24,11,395
SR Watson,2008-2020,127,124,14,3726,117,33.87,2683,138.87,4,21,6,363
JC Buttler,2016-2025,108,107,12,3636,124,38.27,2461,147.74,7,20,7,359
MK Pandey,2008-2024,158,147,25,3605,94,29.54,2957,121.91,0,23,13,307
YK Pathan,2008-2019,190,166,48,3372,100,28.57,2388,141.20,1,13,10,270
RR Pant,2016-2025,112,111,17,3284,128,34.93,2211,148.53,1,18,5,296
Shubman Gill,2018-2025,104,101,15,3249,129,37.77,2384,136.28,4,20,4,312
SS Iyer,2015-2025,117,116,19,3224,97,33.23,2495,129.21,0,22,6,276
F du Plessis,2012-2025,109,101,9,3175,96,34.51,2407,131.90,0,23,5,290
M Vijay,2009-2020,125,125,5,3116,127,25.96,2570,121.24,2,16,7,300
DA Miller,2012-2025,136,130,47,3075,101,37.04,2202,139.64,1,13,5,220
V Sehwag,2008-2015,116,115,5,3042,122,27.65,1997,152.32,2,19,10,371
WP Saha,2008-2024,182,156,28,3029,115,23.66,2394,126.52,1,13,8,302
Q de Kock,2013-2025,100,100,6,2960,140,31.48,2195,134.85,2,22,4,297
RA Jadeja,2008-2025,241,183,76,2849,62,26.62,2170,131.29,0,3,9,207
DR Smith,2008-2017,105,103,6,2770,87,28.55,2055,134.79,0,19,8,289
Ishan Kishan,2016-2025,106,100,7,2750,106,29.56,1993,137.98,1,16,8,266
N Rana,2016-2025,108,102,9,2647,87,28.46,1960,135.05,0,18,7,236
BB McCullum,2008-2017,99,98,5,2599,158,27.94,1976,131.52,2,12,4,262
SR Tendulkar,2008-2013,91,91,11,2599,100,32.48,2191,118.62,1,14,5,329
AD Russell,2012-2025,134,110,21,2553,88,28.68,1459,174.98,0,12,5,175
HH Pandya,2015-2024,137,128,40,2525,91,28.69,1734,145.61,0,10,6,189
MEK Hussey,2008-2015,76,75,9,2517,116,38.13,2062,122.06,1,20,1,255
SPD Smith,2012-2021,103,93,21,2485,101,34.51,1940,128.09,1,11,1,225
SE Marsh,2008-2017,71,69,7,2477,115,39.95,1866,132.74,1,20,1,266
RD Gaikwad,2020-2025,67,66,8,2433,108,41.94,1765,137.84,2,19,6,223
Yuvraj Singh,2008-2019,118,112,12,2374,70,23.74,1842,128.88,0,10,3,195
RA Tripathi,2017-2025,96,94,11,2238,93,26.96,1608,139.17,0,12,4,223
MA Agarwal,2014-2024,98,97,3,2228,106,23.70,1660,134.21,1,12,6,222
JP Duminy,2009-2018,93,87,30,2203,78,38.64,1806,121.98,0,15,2,140
AC Gilchrist,2008-2013,82,82,4,2138,109,27.41,1539,138.92,2,12,7,247
KS Williamson,2015-2024,79,77,17,2128,89,35.46,1694,125.61,0,18,2,185
PA Patel,2008-2017,99,98,5,2082,81,22.38,1755,118.63,0,10,10,264
PP Shaw,2018-2024,79,79,0,1892,99,23.94,1283,147.46,0,14,7,238
DJ Bravo,2008-2022,178,126,48,1887,70,24.19,1432,131.77,0,6,5,152
MK Tiwary,2008-2018,111,95,28,1862,75,27.79,1622,114.79,0,7,9,169
N Pooran,2019-2025,77,74,18,1844,77,32.92,1120,164.64,0,10,9,118
AJ Finch,2010-2022,80,78,7,1823,88,25.67,1390,131.15,0,14,8,186
CH Gayle,2009-2021,57,57,5,1802,104,34.65,1262,142.78,1,12,3,156
AR Patel,2014-2025,156,116,37,1729,66,21.88,1301,132.89,0,3,7,117
KC Sangakkara,2008-2013,71,68,3,1687,94,25.95,1392,121.19,0,10,4,195
MP Stoinis,2016-2025,87,79,16,1675,124,26.58,1173,142.79,1,9,7,137
S Badrinath,2008-2013,114,82,23,1667,71,28.25,1455,114.57,0,12,6,168
KH Pandya,2016-2024,127,111,38,1647,86,22.56,1240,132.82,0,1,6,144
GJ Maxwell,2012-2025,90,87,11,1641,95,21.59,1057,155.25,0,6,12,132
YBK Jaiswal,2020-2025,54,53,2,1608,124,31.52,1072,150.00,2,9,4,198
JH Kallis,2011-2014,70,67,10,1603,80,28.12,1480,108.31,0,10,6,151
JM Bairstow,2019-2024,50,50,4,1589,114,34.54,1100,144.45,2,9,3,166
SP Narine,2012-2025,187,112,21,1579,109,17.35,954,165.51,1,7,16,169
NV Ojha,2009-2018,118,98,19,1577,94,19.96,1335,118.12,0,6,9,122
DPMD Jayawardene,2008-2013,69,67,15,1528,110,29.38,1231,124.12,1,7,2,169
KK Nair,2014-2022,74,66,5,1487,83,24.37,1159,128.30,0,10,2,161
DJ Hooda,2015-2025,119,97,16,1468,64,18.12,1136,129.22,0,8,4,96
Abhishek Sharma,2018-2025,64,62,7,1401,75,25.47,898,156.01,0,7,2,133
EJG Morgan,2011-2021,77,71,12,1370,68,23.22,1116,122.75,0,5,6,110
SC Ganguly,2008-2012,59,56,3,1349,91,25.45,1263,106.80,0,7,4,137
S Dube,2021-2025,51,49,8,1342,95,32.73,893,150.27,0,9,3,80
VR Iyer,2021-2025,52,50,7,1332,104,30.97,974,136.75,1,11,2,122
CA Lynn,2012-2021,42,42,3,1329,93,34.07,945,140.63,0,10,3,132
R Dravid,2011-2013,52,51,2,1324,66,27.02,1216,108.88,0,7,1,177
DJ Hussey,2008-2014,64,61,12,1322,71,26.97,1075,122.97,0,5,4,90
BJ Hodge,2008-2014,57,52,17,1224,73,34.97,937,130.62,0,6,2,108
SO Hetmyer,2020-2025,68,62,26,1195,59,33.19,762,156.82,0,3,1,73
NT Tilak Varma,2022-2025,39,39,9,1187,84,39.56,815,145.64,0,6,1,92
R Parag,2019-2025,71,59,10,1177,84,24.02,870,135.28,0,6,3,85
M Vohra,2013-2023,57,52,2,1177,95,23.54,886,132.84,0,4,2,122
LMP Simmons,2014-2017,32,32,3,1175,100,40.51,934,125.80,1,12,2,123
IK Pathan,2008-2017,107,85,30,1161,60,21.10,972,119.44,0,1,3,88
ML Hayden,2008-2010,34,34,2,1117,93,34.90,824,135.55,0,8,2,122
V Shankar,2014-2024,72,60,16,1115,63,25.34,859,129.80,0,6,2,80
Mandeep Singh,2010-2023,71,66,11,1109,77,20.16,925,119.89,0,4,11,122
B Sai Sudharsan,2022-2025,26,26,3,1108,103,48.17,784,141.32,1,7,0,100
SS Tiwary,2008-2021,56,47,13,1089,61,32.02,838,129.95,0,7,2,89
Y Venugopal Rao,2008-2014,67,56,10,1037,71,22.54,867,119.60,0,3,2,80
R Tewatia,2014-2025,94,66,25,1019,53,24.85,754,135.14,0,1,0,84
H Klaasen,2018-2025,33,31,6,1018,104,40.72,594,171.38,1,6,1,61
JA Morkel,2008-2016,98,74,33,1011,73,24.65,713,141.79,0,3,4,66
AK Markram,2021-2025,45,43,9,1010,68,29.70,780,129.48,0,5,2,74
A Symonds,2008-2011,45,42,10,1010,117,31.56,794,127.20,1,5,1,79
Harbhajan Singh,2008-2021,185,105,43,981,64,15.82,713,137.58,0,1,14,92
LS Livingstone,2019-2024,39,39,6,939,94,28.45,578,162.45,0,6,1,66
MS Bisla,2010-2014,48,47,1,937,92,20.36,806,116.25,0,4,3,110
BA Stokes,2017-2023,45,44,6,935,107,24.60,698,133.95,2,2,3,81
DP Conway,2022-2023,23,22,3,924,92,48.63,654,141.28,0,9,2,99
RK Singh,2018-2025,47,41,11,905,67,30.16,633,142.96,0,4,0,68
R Ashwin,2009-2025,237,103,39,898,50,14.03,736,122.01,0,1,12,69
SM Curran,2019-2025,60,49,13,887,63,24.63,656,135.21,0,5,4,74
HH Gibbs,2008-2012,36,36,4,886,69,27.68,807,109.78,0,6,4,83
KM Jadhav,2010-2021,70,60,21,869,63,22.28,730,119.04,0,3,5,73
MM Ali,2021-2024,48,40,4,853,93,23.69,626,136.26,0,3,4,74
Shakib Al Hasan,2011-2021,77,56,12,838,66,19.04,686,122.15,0,2,4,75
MC Henriques,2009-2021,52,45,13,835,74,26.09,663,125.94,0,5,2,67
STR Binny,2010-2019,79,60,19,820,48,20.00,617,132.90,0,0,7,63
CL White,2011-2013,33,33,5,817,78,29.17,643,127.06,0,6,3,66
ST Jayasuriya,2008-2010,30,30,2,768,114,27.42,532,144.36,1,4,2,84
Prabhsimran Singh,2019-2025,35,35,0,761,103,21.74,525,144.95,1,3,3,79
KP Pietersen,2012-2016,27,26,6,745,103,37.25,572,130.24,1,3,1,65
GC Smith,2008-2011,29,29,3,739,91,28.42,668,110.62,0,4,3,94
MR Marsh,2010-2025,43,37,2,737,89,21.05,557,132.31,0,4,5,54
JM Sharma,2022-2024,40,36,4,730,49,22.81,483,151.13,0,0,2,53
GJ Bailey,2009-2016,45,41,11,728,61,24.26,601,121.13,0,2,1,67
AD Mathews,2009-2017,49,42,11,724,65,23.35,575,125.91,0,1,3,44
TL Suman,2009-2013,47,44,9,706,78,20.17,611,115.54,0,2,3,58
D Padikkal,2022-2024,35,35,1,675,54,19.85,559,120.75,0,3,3,74
AM Nayar,2008-2014,60,50,12,672,45,17.68,577,116.46,0,0,3,55
AB de Villiers,2008-2010,28,26,5,671,105,31.95,572,117.30,1,3,2,51
TH David,2022-2024,37,34,12,658,46,29.90,384,171.35,0,0,3,38
E Lewis,2018-2022,27,26,2,654,65,27.25,477,137.10,0,4,2,62
PD Salt,2023-2024,21,21,2,653,89,34.36,372,175.53,0,6,3,74
A Badoni,2022-2025,43,36,9,638,59,23.62,478,133.47,0,4,2,46
TM Head,2024-2025,16,16,1,634,102,42.26,327,193.88,1,5,3,73
PP Chawla,2008-2024,198,94,38,633,24,11.30,566,111.83,0,0,16,58
TM Dilshan,2008-2010,31,30,4,615,67,23.65,542,113.46,0,4,3,66
JJ Roy,2017-2023,21,21,2,614,91,32.31,443,138.60,0,4,0,75
CH Morris,2013-2021,73,47,23,610,82,25.41,394,154.82,0,2,8,42
Abdul Samad,2020-2024,50,40,10,577,37,19.23,395,146.07,0,0,3,37
HM Amla,2016-2017,16,16,3,577,104,44.38,407,141.76,2,3,2,60
NLTC Perera,2010-2016,44,37,11,564,57,21.69,389,144.98,0,1,3,32
M Shahrukh Khan,2021-2025,41,39,11,559,58,19.96,392,142.60,0,1,3,35
M Manhas,2008-2014,57,40,15,557,42,22.28,531,104.89,0,0,6,46
OA Shah,2009-2013,24,24,8,554,76,34.62,444,124.77,0,4,1,37
JD Ryder,2011-2012,24,24,1,548,86,23.82,409,133.98,0,4,2,60
Rashid Khan,2017-2025,122,60,23,545,79,14.72,337,161.72,0,1,15,39
LRPL Taylor,2011-2014,37,35,9,542,55,20.84,495,109.49,0,1,2,32
JP Faulkner,2011-2017,66,48,21,532,46,19.70,398,133.66,0,0,0,36
RS Bopara,2009-2015,24,22,4,531,84,29.50,453,117.21,0,3,2,39
PJ Cummins,2014-2025,62,44,17,523,66,19.37,353,148.15,0,3,4,33
CJ Anderson,2014-2017,27,26,7,521,95,27.42,401,129.92,0,3,1,40
PC Valthaty,2009-2013,23,23,1,505,120,22.95,418,120.81,1,2,1,60
SW Billings,2016-2022,30,27,1,503,56,19.34,388,129.63,0,3,3,40
RN ten Doeschate,2011-2015,41,29,9,485,70,24.25,357,135.85,0,2,4,35
Shashank Singh,2022-2025,25,20,8,467,68,38.91,278,167.98,0,2,2,39
SA Asnodkar,2008-2011,21,21,0,464,60,22.09,379,122.42,0,2,3,59
R Bhatia,2008-2017,107,58,23,452,26,12.91,399,113.28,0,0,4,30
C Green,2023-2023,16,16,7,452,100,50.22,282,160.28,1,2,0,40
DT Christian,2011-2018,38,32,9,440,39,19.13,359,122.56,0,0,1,22
T Stubbs,2022-2025,19,18,6,439,71,36.58,255,172.15,0,3,2,27
JEC Franklin,2011-2012,25,21,6,434,79,28.93,410,105.85,0,1,1,32
RR Rossouw,2023-2024,17,17,2,420,82,28.00,257,163.42,0,2,3,42
JR Hopes,2008-2011,21,19,3,417,71,26.06,306,136.27,0,4,1,49
DC Jurel,2023-2025,29,23,7,417,70,26.06,264,157.95,0,3,2,34
J Botha,2009-2015,34,28,8,409,67,20.45,359,113.92,0,1,0,39
AL Menaria,2011-2013,33,24,3,407,40,19.38,364,111.81,0,0,1,24
LR Shukla,2008-2014,47,34,7,405,48,15.00,350,115.71,0,0,3,33
A Mishra,2008-2024,172,59,27,396,31,12.37,442,89.59,0,0,10,31
Azhar Mahmood,2012-2015,23,21,2,388,80,20.42,303,128.05,0,2,2,39
DJG Sammy,2013-2014,26,23,6,388,60,22.82,293,132.42,0,2,2,22
AP Tare,2010-2017,38,30,4,383,59,14.73,319,120.06,0,1,5,43
KR Mayers,2023-2023,13,13,0,379,73,29.15,263,144.10,0,4,2,38
DB Ravi Teja,2008-2013,32,25,6,375,60,19.73,317,118.29,0,1,1,35
S Sohal,2008-2011,22,20,0,368,62,18.40,292,126.02,0,2,3,34
Abishek Porel,2023-2025,19,17,2,360,65,24.00,238,151.26,0,2,2,37
R Powell,2022-2024,27,22,3,360,67,18.94,244,147.54,0,1,2,21
SN Khan,2019-2023,25,19,4,357,67,23.80,305,117.04,0,1,2,37
R Sathish,2010-2016,41,31,9,356,27,16.18,307,115.96,0,0,2,28
UBT Chand,2011-2016,25,23,0,352,58,15.30,353,99.71,0,1,4,36
DJ Mitchell,2022-2024,15,15,2,351,63,27.00,267,131.46,0,2,0,28
KV Sharma,2013-2020,73,37,16,351,39,16.71,291,120.61,0,0,1,22
N Wadhera,2023-2024,20,16,1,350,64,23.33,250,140.00,0,2,1,32
DB Das,2008-2013,33,23,9,347,43,24.78,280,123.92,0,0,1,29
Gurkeerat Singh,2012-2017,30,24,3,342,51,16.28,272,125.73,0,1,4,36
K Nitish Kumar Reddy,2023-2025,16,12,2,333,76,33.30,227,146.69,0,2,0,19
J Fraser-McGurk,2024-2025,10,10,0,331,84,33.10,143,231.46,0,4,1,32
GH Vihari,2013-2019,27,26,4,308,46,14.00,351,87.74,0,0,0,25
SN Thakur,2015-2025,96,38,12,307,68,11.80,223,137.66,0,1,8,27
B Kumar,2011-2024,176,68,33,306,27,8.74,326,93.86,0,0,6,30
Lalit Yadav,2021-2024,27,21,5,305,48,19.06,290,105.17,0,0,1,27
Y Nagar,2009-2012,27,21,6,295,44,19.66,277,106.49,0,0,2,20
Rahmanullah Gurbaz,2023-2024,14,13,0,289,81,22.23,216,133.79,0,2,2,24
VVS Laxman,2008-2010,19,19,2,288,52,16.94,266,108.27,0,1,3,38
R Ravindra,2024-2025,11,11,1,287,65,28.70,183,156.83,0,2,1,24
A Ashish Reddy,2012-2016,36,25,8,283,36,16.64,198,142.92,0,0,1,17
MJ Lumb,2010-2011,12,12,0,278,83,23.16,194,143.29,0,1,3,45
PBB Rajapaksa,2022-2023,13,13,1,277,50,23.08,191,145.02,0,1,1,22
PK Garg,2020-2023,23,19,1,273,51,15.16,241,113.27,0,1,2,16
MJ Guptill,2016-2019,13,13,1,270,50,22.50,196,137.75,0,1,1,24
B Chipli,2011-2013,20,18,6,260,61,21.66,223,116.59,0,1,0,25
JO Holder,2013-2023,51,29,7,259,47,11.77,212,122.16,0,0,3,13
AR Sharma,2024-2025,12,10,3,255,66,36.42,144,177.08,0,2,0,15
LA Pomersbach,2008-2013,12,12,5,251,79,35.85,207,121.25,0,1,0,21
K Gowtham,2018-2024,36,27,9,247,33,13.72,148,166.89,0,0,2,15
CA Pujara,2010-2014,16,12,3,247,45,27.44,239,103.34,0,0,0,31
A Taide,2023-2024,9,9,0,247,66,27.44,168,147.02,0,2,1,27
M Kaif,2008-2010,21,18,3,245,41,16.33,236,103.81,0,0,0,17
SM Katich,2008-2009,11,11,1,241,75,24.10,186,129.56,0,2,1,25
BCJ Cutting,2014-2019,21,17,6,238,39,21.63,141,168.79,0,0,1,15
MD Mishra,2010-2012,18,17,1,237,41,14.81,208,113.94,0,0,1,24
Harpreet Brar,2019-2024,41,24,13,233,29,21.18,190,122.63,0,0,1,19
A Manohar,2022-2025,20,16,1,231,43,15.40,175,132.00,0,0,2,21
D Brevis,2022-2024,10,10,0,230,49,23.00,172,133.72,0,0,1,17
AC Blizzard,2011-2012,13,13,0,227,54,17.46,189,120.10,0,2,1,31
P Negi,2012-2016,35,23,8,225,36,15.00,179,125.69,0,0,1,17
Shahbaz Ahmed,2024-2025,17,13,3,224,59,22.40,174,128.73,0,1,1,8
K Goel,2008-2010,22,17,2,218,38,14.53,231,94.37,0,0,2,17
AA Jhunjhunwala,2010-2012,21,16,3,217,53,16.69,210,103.33,0,1,1,19
Mohammad Nabi,2017-2024,24,19,3,215,31,13.43,150,143.33,0,0,1,18
R Dhawan,2013-2024,44,25,14,210,25,19.09,187,112.29,0,0,1,18
FY Fazal,2009-2011,13,12,1,210,45,19.09,195,107.69,0,0,1,23
K Rabada,2017-2025,81,31,14,206,44,12.11,193,106.73,0,0,4,16
CA Ingram,2011-2019,15,15,3,205,47,17.08,180,113.88,0,0,0,22
S Gopal,2014-2024,54,23,8,204,24,13.60,181,112.70,0,0,4,21
PD Collingwood,2010-2010,8,7,2,203,75,40.60,156,130.12,0,3,0,9
MG Johnson,2012-2018,60,33,19,202,30,14.42,199,101.50,0,0,2,14
AB Agarkar,2008-2013,46,25,13,200,39,16.66,171,116.95,0,0,1,15
JC Archer,2018-2025,41,26,13,200,27,15.38,129,155.03,0,0,3,11
SK Warne,2008-2011,56,29,9,198,34,9.90,214,92.52,0,0,7,14
SP Fleming,2008-2008,10,10,1,196,45,21.77,165,118.78,0,0,1,27
JD Unadkat,2010-2024,95,30,14,195,26,12.18,164,118.90,0,0,2,16
AS Raut,2009-2011,23,16,7,194,36,21.55,167,116.16,0,0,1,13
A Raghuvanshi,2024-2025,11,8,0,193,54,24.12,127,151.96,0,1,0,18
BJ Rohrer,2013-2013,8,8,2,193,64,32.16,140,137.85,0,1,0,21
Salman Butt,2008-2008,7,7,0,193,73,27.57,161,119.87,0,1,0,30
HC Brook,2023-2023,11,11,2,190,100,21.11,154,123.37,1,0,3,23
Kuldeep Yadav,2014-2025,90,34,21,188,35,14.46,221,85.06,0,0,5,17
DW Steyn,2011-2016,68,29,13,188,27,11.75,150,125.33,0,0,2,15
S Anirudha,2008-2014,26,17,6,187,64,17.00,158,118.35,0,1,2,14
Bipul Sharma,2010-2017,33,17,9,187,35,23.37,123,152.03,0,0,0,11
SD Hope,2024-2024,9,9,1,183,41,22.87,122,150.00,0,0,0,12
MS Wade,2011-2024,15,14,0,183,35,13.07,177,103.38,0,0,0,23
Sikandar Raza,2023-2024,9,9,2,182,57,26.00,136,133.82,0,1,0,12
CR Brathwaite,2016-2019,16,14,1,181,43,13.92,111,163.06,0,0,0,10
MK Lomror,2018-2021,11,10,2,181,47,22.62,151,119.86,0,0,0,8
AC Voges,2010-2010,9,7,3,181,45,45.25,143,126.57,0,0,0,15
UT Yadav,2010-2024,126,40,26,181,24,12.92,165,109.69,0,0,5,13
P Kumar,2011-2017,82,36,15,179,24,8.52,176,101.70,0,0,5,14
SL Malinga,2009-2019,139,33,13,178,37,8.90,149,119.46,0,0,6,13
MF Maharoof,2008-2010,20,14,4,177,39,17.70,123,143.90,0,0,2,12
C Munro,2016-2019,13,12,0,177,40,14.75,141,125.53,0,0,2,19
Ramandeep Singh,2022-2025,21,14,8,176,35,29.33,111,158.55,0,0,0,8
DH Yagnik,2011-2014,27,19,7,176,34,14.66,143,123.07,0,0,2,24
SP Goswami,2011-2020,26,17,2,172,35,11.46,165,104.24,0,0,4,15
Washington Sundar,2017-2024,29,19,6,170,40,13.07,142,119.71,0,0,2,15
CM Gautam,2013-2015,13,13,3,169,33,16.90,150,112.66,0,0,0,17
MN van Wyk,2009-2009,5,5,2,167,74,55.66,132,126.51,0,1,1,19
PA Reddy,2012-2013,12,11,1,164,42,16.40,160,102.50,0,0,0,15
N Jagadeesan,2020-2023,13,10,1,162,39,18.00,147,110.20,0,0,2,21
MN Samuels,2012-2017,15,14,1,161,46,12.38,172,93.60,0,0,1,9
R McLaren,2010-2013,19,14,6,160,51,20.00,172,93.02,0,1,1,14
SB Styris,2008-2011,14,12,3,158,36,17.55,163,96.93,0,0,0,11
Naman Dhir,2024-2025,8,8,1,157,62,22.42,91,172.52,0,1,2,13
AD Hales,2018-2018,6,6,0,148,45,24.66,118,125.42,0,0,0,13
SM Pollock,2008-2008,13,8,0,147,33,18.37,111,132.43,0,0,2,12
S Vidyut,2008-2008,9,8,0,145,54,18.12,109,133.02,0,1,1,21
M Morkel,2009-2016,74,24,13,144,23,13.09,106,135.84,0,0,5,12
KK Cooper,2012-2014,31,17,6,142,32,12.90,81,175.30,0,0,1,14
N Saini,2012-2012,10,10,0,140,50,14.00,141,99.29,0,1,0,16
Anmolpreet Singh,2021-2024,9,9,0,139,36,15.44,115,120.86,0,0,1,19
B Lee,2008-2013,47,22,10,139,25,11.58,111,125.22,0,0,2,9
BB Samantray,2012-2013,13,11,3,133,55,16.62,133,100.00,0,1,3,13
RD Chahar,2017-2024,78,24,8,129,25,8.06,124,104.03,0,0,8,13
Kamran Akmal,2008-2008,6,6,1,128,53,25.60,78,164.10,0,1,0,13
TK Curran,2018-2021,13,10,5,127,54,25.40,107,118.69,0,1,0,10
P Dogra,2010-2013,13,12,1,127,41,11.54,138,92.02,0,0,1,4
UT Khawaja,2016-2016,6,6,0,127,30,21.16,100,127.00,0,0,0,14
C de Grandhomme,2017-2017,12,9,1,126,36,15.75,92,136.95,0,0,3,10
MC Juneja,2013-2013,7,7,0,125,49,17.85,128,97.65,0,0,0,11
MM Sharma,2013-2025,123,33,16,125,21,7.35,136,91.91,0,0,4,8
Harpreet Singh,2010-2024,9,8,1,123,41,17.57,119,103.36,0,0,0,10
NK Patel,2008-2009,9,6,2,121,57,30.25,119,101.68,0,1,0,14
SE Rutherford,2019-2025,8,8,2,119,46,19.83,82,145.12,0,0,0,6
RJ Harris,2009-2013,37,21,9,117,17,9.75,112,104.46,0,0,2,6
MW Short,2023-2023,6,6,0,117,36,19.50,92,127.17,0,0,0,15
Aman Hakim Khan,2022-2023,12,10,1,115,51,12.77,104,110.57,0,1,1,8
R Shepherd,2022-2024,10,9,4,115,39,23.00,63,182.53,0,0,1,7
DJM Short,2018-2018,7,7,0,115,44,16.42,99,116.16,0,0,0,11
DJ Harris,2012-2012,4,4,0,111,47,27.75,101,109.90,0,0,0,11
M Kartik,2008-2014,45,14,8,111,21,18.50,105,105.71,0,0,0,7
AD Mascarenhas,2008-2013,14,12,3,111,32,12.33,94,118.08,0,0,2,7
DJ Jacobs,2011-2012,8,8,0,110,32,13.75,113,97.34,0,0,1,13
DL Chahar,2016-2025,82,14,7,108,39,15.42,74,145.94,0,0,3,4
JDP Oram,2008-2013,18,12,4,106,41,13.25,108,98.14,0,0,1,6
LJ Wright,2012-2013,7,6,1,106,44,21.20,60,176.66,0,0,0,16
DS Kulkarni,2008-2021,95,23,14,104,28,11.55,108,96.29,0,0,0,7
RJ Quiney,2009-2009,7,7,0,103,51,14.71,102,100.98,0,1,0,12
Arshad Khan,2023-2025,11,8,4,102,58,25.50,70,145.71,0,1,1,6
SD Chitnis,2008-2012,11,8,1,99,38,14.14,89,111.23,0,0,0,10
MS Gony,2008-2017,44,17,7,99,42,9.90,71,139.43,0,0,3,6
MJ Clarke,2012-2012,6,6,0,98,41,16.33,94,104.25,0,0,0,12
CJ Ferguson,2011-2012,9,8,2,98,23,16.33,117,83.76,0,0,0,9
PN Mankad,2022-2023,6,6,3,97,64,32.33,73,132.87,0,1,1,13
NM Coulter-Nile,2013-2022,44,18,7,94,24,8.54,77,122.07,0,0,0,8
HV Patel,2018-2025,27,10,3,94,36,13.42,78,120.51,0,0,3,4
JDS Neesham,2014-2022,14,10,1,92,22,10.22,93,98.92,0,0,2,6
PR Shah,2008-2011,16,10,2,92,29,11.50,91,101.09,0,0,1,9
RT Ponting,2008-2013,10,9,0,91,28,10.11,128,71.09,0,0,3,5
AJ Tye,2017-2022,30,13,4,91,25,10.11,76,119.73,0,0,2,6
YV Takawale,2008-2009,11,5,2,88,27,29.33,87,101.14,0,0,0,9
Ankit Sharma,2012-2018,22,10,3,87,30,12.42,67,129.85,0,0,1,7
AP Majumdar,2012-2012,4,4,0,87,31,21.75,76,114.47,0,0,0,7
MJ McClenaghan,2015-2019,56,24,11,85,20,6.53,70,121.42,0,0,6,5
TA Boult,2015-2025,105,28,19,84,17,9.33,80,105.00,0,0,3,5
RE Levi,2012-2012,6,6,0,83,50,13.83,73,113.69,0,1,2,10
LA Carseldine,2009-2009,5,5,1,81,39,20.25,68,119.11,0,0,0,11
MJ Santner,2019-2025,19,12,5,81,22,11.57,84,96.42,0,0,1,5
Shahid Afridi,2008-2008,10,9,1,81,33,10.12,46,176.08,0,0,1,7
WPUJC Vaas,2008-2010,13,11,3,81,20,10.12,73,110.95,0,0,3,2
RV Patel,2021-2023,9,7,2,80,23,16.00,73,109.58,0,0,0,6
CJ Jordan,2017-2023,25,12,3,78,30,8.66,73,106.84,0,0,1,3
IR Jaggi,2011-2017,7,7,2,76,28,15.20,97,78.35,0,0,0,6
AB McDonald,2009-2011,6,5,3,76,33,38.00,63,120.63,0,0,0,3
TR Birt,2011-2011,5,5,0,75,27,15.00,58,129.31,0,0,0,9
Mohammed Shami,2011-2025,112,25,12,74,21,5.69,79,93.67,0,0,4,6
RR Sarwan,2008-2008,4,4,0,73,31,18.25,75,97.33,0,0,0,6
J Suchith,2015-2022,22,10,6,70,34,17.50,61,114.75,0,0,1,6
AA Bilakhia,2009-2010,7,7,2,69,22,13.80,85,81.17,0,0,0,5
Vivrant Sharma,2023-2023,3,1,0,69,69,69.00,47,146.80,0,1,0,9
JJ Bumrah,2013-2024,136,30,23,68,16,9.71,78,87.17,0,0,5,5
SB Dubey,2024-2025,5,4,2,67,34,33.50,30,223.33,0,0,1,4
LH Ferguson,2017-2023,38,9,7,67,24,33.50,45,148.88,0,0,1,6
DL Vettori,2008-2010,12,7,4,67,29,22.33,59,113.55,0,0,0,7
M Jansen,2021-2025,22,13,6,66,17,9.42,66,100.00,0,0,2,5
R Sharma,2010-2014,44,20,6,66,14,4.71,75,88.00,0,0,8,5
HR Shokeen,2022-2023,13,6,3,66,25,22.00,65,101.53,0,0,0,9
S Kanwar,2011-2011,4,4,0,65,45,16.25,45,144.44,0,0,0,5
GD Phillips,2021-2023,8,8,1,65,25,9.28,55,118.18,0,0,1,3
Mohammad Hafeez,2008-2008,8,8,1,64,16,9.14,83,77.10,0,0,0,7
Anirudh Singh,2010-2010,5,4,0,63,40,15.75,66,95.45,0,0,1,6
WD Parnell,2011-2014,26,13,4,63,16,7.00,75,84.00,0,0,0,4
A Flintoff,2009-2009,3,3,1,62,24,31.00,53,116.98,0,0,0,5
SP Jackson,2017-2022,9,8,2,61,16,10.16,57,107.01,0,0,1,5
CR Woakes,2017-2021,16,8,4,61,18,15.25,58,105.17,0,0,0,6
BJ Haddin,2011-2011,2,2,0,60,42,30.00,38,157.89,0,0,0,7
TG Southee,2011-2023,43,15,4,59,25,5.36,52,113.46,0,0,3,3
Azmatullah Omarzai,2024-2025,8,5,0,58,17,11.60,48,120.83,0,0,0,4
I Sharma,2008-2024,116,28,22,57,10,9.50,69,82.60,0,0,1,4
RP Singh,2008-2016,59,27,13,57,10,4.07,81,70.37,0,0,3,2
WA Mota,2008-2009,12,8,2,56,25,9.33,75,74.66,0,0,0,2
RR Powar,2008-2012,22,7,5,56,28,28.00,51,109.80,0,0,0,6
M Rawat,2008-2013,18,12,7,55,23,11.00,69,79.71,0,0,1,4
Sameer Rizvi,2024-2025,9,6,1,55,21,11.00,47,117.02,0,0,1,5
Sandeep Sharma,2013-2025,128,27,21,54,9,9.00,70,77.14,0,0,4,4
A Chopra,2008-2009,7,6,0,53,24,8.83,71,74.64,0,0,0,7
Anureet Singh,2009-2018,28,9,4,52,16,10.40,57,91.22,0,0,2,2
Shoaib Malik,2008-2008,7,5,1,52,24,13.00,47,110.63,0,0,0,5
Shivam Mavi,2018-2022,32,12,3,51,20,5.66,56,91.07,0,0,3,4
OF Smith,2022-2022,6,6,3,51,25,17.00,44,115.90,0,0,1,1
Z Khan,2009-2017,60,19,13,50,23,8.33,58,86.20,0,0,1,4
SB Bangar,2008-2009,12,8,1,49,17,7.00,58,84.48,0,0,1,1
A Nortje,2020-2024,46,15,9,49,23,8.16,49,100.00,0,0,2,6
AG Paunikar,2010-2011,5,5,0,49,20,9.80,58,84.48,0,0,1,9
AS Yadav,2008-2008,8,6,1,49,16,9.80,39,125.64,0,0,1,5
T Kohler-Cadmore,2024-2024,4,3,0,48,20,16.00,54,88.88,0,0,0,7
M Markande,2018-2024,37,11,8,48,18,16.00,42,114.28,0,0,0,5
P Arya,2025-2025,1,1,0,47,47,47.00,23,204.34,0,0,0,7
Yashpal Singh,2009-2009,8,4,0,47,20,11.75,66,71.21,0,0,0,5
D Pretorius,2022-2023,7,5,1,44,22,11.00,28,157.14,0,0,1,3
PVD Chameera,2022-2024,13,8,4,43,17,10.75,28,153.57,0,0,2,3
Sunny Singh,2011-2011,6,5,1,43,20,10.75,31,138.70,0,0,0,6
AB Barath,2010-2010,3,3,1,42,33,21.00,42,100.00,0,0,0,5
SK Trivedi,2008-2013,76,15,8,42,9,6.00,59,71.18,0,0,1,3
Avesh Khan,2018-2024,62,10,8,41,12,20.50,25,164.00,0,0,0,3
A Nehra,2008-2017,96,22,15,41,22,5.85,62,66.12,0,0,5,3
BR Dunk,2014-2014,3,3,0,40,20,13.33,35,114.28,0,0,0,7
Rasikh Salam,2019-2024,11,6,1,40,10,8.00,40,100.00,0,0,0,5
LPC Silva,2008-2008,3,3,1,40,23,20.00,26,153.84,0,0,1,5
J Yadav,2015-2023,20,5,1,40,23,10.00,36,111.11,0,0,0,2
S Nadeem,2011-2021,72,22,8,39,6,2.78,87,44.82,0,0,6,2
V Nigam,2025-2025,1,1,0,39,39,39.00,15,260.00,0,0,0,5
MM Patel,2008-2017,65,15,9,39,23,6.50,41,95.12,0,0,5,5
DJ Thornely,2008-2008,6,4,2,39,30,19.50,53,73.58,0,0,0,2
Umar Gul,2008-2008,6,4,1,39,24,13.00,19,205.26,0,0,0,1
DE Bollinger,2010-2012,41,5,3,38,17,19.00,34,111.76,0,0,0,4
JM Kemp,2010-2010,7,4,1,38,22,12.66,32,118.75,0,0,1,1
DR Sams,2020-2022,14,11,3,38,15,4.75,38,100.00,0,0,3,1
PJ Sangwan,2008-2022,46,17,8,38,11,4.22,58,65.51,0,0,4,2
Iqbal Abdulla,2008-2014,42,10,10,37,12,0,35,105.71,0,0,0,2
S Narwal,2010-2013,7,4,1,37,23,12.33,27,137.03,0,0,1,6
Vishnu Vinod,2023-2023,3,3,0,37,30,12.33,31,119.35,0,0,0,2
L Balaji,2008-2014,85,15,7,36,15,4.50,49,73.46,0,0,5,2
Joginder Sharma,2008-2011,16,6,2,36,16,9.00,30,120.00,0,0,2,1
Sohail Tanvir,2008-2009,12,5,2,36,13,12.00,29,124.13,0,0,0,3
RE van der Merwe,2011-2013,10,6,4,36,14,18.00,41,87.80,0,0,0,3
KW Richardson,2013-2014,10,3,0,35,26,11.66,38,92.10,0,0,0,2
B Sumanth,2010-2010,5,4,3,35,16,35.00,37,94.59,0,0,0,3
M Ashwin,2016-2023,42,12,4,34,9,4.25,48,70.83,0,0,2,2
AP Dole,2010-2010,3,2,0,34,30,17.00,22,154.54,0,0,0,3
L Ronchi,2008-2009,5,5,0,34,13,6.80,34,100.00,0,0,1,6
Imran Tahir,2014-2021,59,9,5,33,13,8.25,37,89.18,0,0,0,5
D Salunkhe,2008-2008,6,3,1,33,26,16.50,24,137.50,0,0,0,5
S Sreesanth,2008-2013,35,11,9,33,15,16.50,46,71.73,0,0,2,6
Basil Thampi,2017-2022,25,8,7,32,13,32.00,35,91.42,0,0,0,1
AT Carey,2020-2020,3,3,1,32,14,16.00,29,110.34,0,0,0,0
RJ Peterson,2012-2012,5,5,2,32,16,10.66,30,106.66,0,0,1,3
Ravi Bishnoi,2020-2025,67,16,7,32,6,3.55,52,61.53,0,0,2,2
NS Naik,2016-2020,4,4,0,31,22,7.75,50,62.00,0,0,0,2
T Taibu,2008-2008,3,3,0,31,15,10.33,26,119.23,0,0,0,3
AD Nath,2016-2018,6,5,0,29,12,5.80,41,70.73,0,0,1,2
Arshdeep Singh,2019-2025,66,12,7,29,10,5.80,40,72.50,0,0,3,4
Karanveer Singh,2014-2015,14,5,4,29,17,29.00,42,69.04,0,0,0,2
SB Jakati,2009-2017,63,9,8,28,13,28.00,29,96.55,0,0,0,3
AS Joseph,2019-2023,19,7,6,27,15,27.00,32,84.37,0,0,1,3
NL McCullum,2011-2011,2,2,1,26,15,26.00,22,118.18,0,0,0,0
DJ Malan,2021-2021,1,1,0,26,26,26.00,26,100.00,0,0,0,1
AS Rajpoot,2013-2020,29,7,2,26,8,5.20,41,63.41,0,0,0,2
AS Roy,2019-2024,11,6,3,26,13,8.66,24,108.33,0,0,2,3
TL Seifert,2021-2022,3,3,0,26,21,8.66,23,113.04,0,0,0,4
MD Shanaka,2023-2023,3,3,1,26,17,13.00,26,100.00,0,0,1,2
Mohsin Khan,2022-2024,24,5,2,25,13,8.33,24,104.16,0,0,1,2
Sanvir Singh,2023-2024,6,5,3,25,8,12.50,21,119.04,0,0,1,2
CV Varun,2019-2025,72,12,8,25,10,6.25,46,54.34,0,0,1,2
AN Ahmed,2010-2013,17,4,4,24,18,0,24,100.00,0,0,0,1
KC Cariappa,2015-2019,11,5,2,24,12,8.00,21,114.28,0,0,0,0
ER Dwivedi,2016-2016,4,2,0,24,19,12.00,14,171.42,0,0,0,2
MA Khote,2008-2008,4,3,1,24,9,12.00,22,109.09,0,0,0,2
TK Kotian,2024-2024,1,1,0,24,24,24.00,31,77.41,0,0,0,3
AJ Turner,2019-2024,6,6,1,24,16,4.80,28,85.71,0,0,3,0
P Dubey,2020-2023,4,2,1,23,16,23.00,33,69.69,0,0,0,2
KMDN Kulasekara,2011-2012,7,2,1,23,18,23.00,15,153.33,0,0,0,2
BMAJ Mendis,2013-2013,3,3,0,23,12,7.66,27,85.18,0,0,1,0
SW Tait,2010-2013,21,5,2,23,11,7.66,26,88.46,0,0,1,1
Umran Malik,2021-2024,26,6,4,23,19,11.50,16,143.75,0,0,2,1
R Vinay Kumar,2014-2018,28,10,6,23,12,5.75,23,100.00,0,0,2,1
AB Dinda,2008-2017,67,14,5,22,7,2.44,36,61.11,0,0,5,2
GB Hogg,2012-2016,21,6,3,22,13,7.33,22,100.00,0,0,0,1
KL Nagarkoti,2020-2022,12,7,3,22,8,5.50,33,66.66,0,0,2,1
MDKJ Perera,2013-2013,3,3,0,22,14,7.33,17,129.41,0,0,1,5
AU Rashid,2021-2023,3,2,0,22,18,11.00,16,137.50,0,0,0,2
HE van der Dussen,2022-2022,3,3,1,22,12,11.00,24,91.66,0,0,0,2
Yudhvir Singh,2023-2024,5,4,0,22,14,5.50,16,137.50,0,0,1,1
TU Deshpande,2020-2025,37,4,3,21,20,21.00,14,150.00,0,0,0,2
B Indrajith,2022-2022,3,3,0,21,15,7.00,30,70.00,0,0,1,2
D Wiese,2023-2023,3,3,2,21,12,21.00,11,190.90,0,0,0,0
S Kaul,2013-2021,54,12,8,20,7,5.00,36,55.55,0,0,2,1
RR Raje,2008-2009,10,5,4,20,11,20.00,18,111.11,0,0,0,1
C Sakariya,2021-2023,19,8,2,20,7,3.33,31,64.51,0,0,1,3
R Shukla,2012-2014,11,6,4,20,14,10.00,25,80.00,0,0,1,2
AC Thomas,2011-2012,15,4,2,20,12,10.00,19,105.26,0,0,0,1
NT Ellis,2021-2025,17,5,1,19,12,4.75,25,76.00,0,0,2,0
Gulbadin Naib,2024-2024,2,1,0,19,19,19.00,15,126.66,0,0,0,1
DR Martyn,2010-2010,1,1,0,19,19,19.00,24,79.16,0,0,0,1
P Sahu,2016-2016,5,2,1,19,18,19.00,13,146.15,0,0,0,1
T Banton,2020-2020,2,2,0,18,10,9.00,20,90.00,0,0,0,1
Harmeet Singh,2009-2013,28,7,3,18,14,4.50,12,150.00,0,0,2,3
DS Lehmann,2008-2008,2,2,0,18,17,9.00,18,100.00,0,0,0,3
Naveen-ul-Haq,2023-2024,18,6,5,18,13,18.00,25,72.00,0,0,0,2
PP Ojha,2008-2015,106,27,14,18,3,1.38,47,38.29,0,0,6,0
KMA Paul,2019-2019,8,6,1,18,7,3.60,24,75.00,0,0,2,1
S Rana,2011-2011,2,1,0,18,18,18.00,16,112.50,0,0,0,2
Sumit Kumar,2024-2024,4,3,1,18,9,9.00,24,75.00,0,0,0,2
PV Tambe,2013-2016,38,7,5,18,7,9.00,39,46.15,0,0,0,1
VY Mahesh,2008-2012,19,6,3,17,6,5.66,29,58.62,0,0,0,0
JA Richardson,2021-2024,4,3,0,17,15,5.66,26,65.38,0,0,1,2
YV Dhull,2023-2023,4,3,0,16,13,5.33,23,69.56,0,0,0,1
AJ Hosein,2023-2023,1,1,1,16,16,0,10,160.00,0,0,0,1
CK Kapugedera,2008-2008,5,3,0,16,8,5.33,23,69.56,0,0,1,0
AF Milne,2021-2022,5,3,1,16,15,8.00,17,94.11,0,0,1,0
KS Sharma,2022-2023,3,3,0,16,9,5.33,25,64.00,0,0,0,1
SD Lad,2019-2019,1,1,0,15,15,15.00,13,115.38,0,0,0,1
C Madan,2010-2010,1,1,0,15,15,15.00,19,78.94,0,0,0,3
GR Napier,2009-2009,1,1,0,15,15,15.00,16,93.75,0,0,0,1
JL Pattinson,2020-2020,10,2,1,15,11,15.00,13,115.38,0,0,0,2
Virat Singh,2021-2021,3,2,0,15,11,7.50,26,57.69,0,0,0,1
A Zampa,2016-2025,18,5,0,15,7,3.00,24,62.50,0,0,1,1
FA Allen,2021-2022,5,4,2,14,8,7.00,19,73.68,0,0,0,1
F Behardien,2016-2016,3,3,1,14,9,7.00,13,107.69,0,0,1,2
G Coetzee,2024-2024,10,5,1,14,8,3.50,22,63.63,0,0,1,0
Swapnil Singh,2016-2023,7,4,1,14,10,4.66,24,58.33,0,0,1,0
KJ Abbott,2016-2016,5,3,2,13,12,13.00,8,162.50,0,0,1,0
Kartik Tyagi,2020-2024,20,7,3,13,7,3.25,16,81.25,0,0,1,1
Mustafizur Rahman,2016-2024,57,9,8,13,8,13.00,23,56.52,0,0,0,0
Noor Ahmad,2023-2025,24,7,3,13,7,3.25,18,72.22,0,0,1,2
RD Rickelton,2025-2025,1,1,0,13,13,13.00,7,185.71,0,0,0,3
R Sai Kishore,2022-2025,11,2,1,13,13,13.00,6,216.66,0,0,0,0
DR Shorey,2018-2019,2,2,0,13,8,6.50,17,76.47,0,0,0,0
AS Tendulkar,2023-2024,5,1,0,13,13,13.00,9,144.44,0,0,0,0
AR Bawne,2017-2017,1,1,1,12,12,0,12,100.00,0,0,0,1
DAJ Bracewell,2012-2012,1,1,1,12,12,0,9,133.33,0,0,0,1
AA Chavan,2011-2013,13,3,1,12,7,6.00,11,109.09,0,0,0,2
FH Edwards,2009-2009,8,4,2,12,8,6.00,13,92.30,0,0,1,1
Mujeeb Ur Rahman,2018-2021,19,7,4,12,10,4.00,15,80.00,0,0,2,2
DG Nalkande,2022-2024,6,2,0,12,12,6.00,12,100.00,0,0,1,0
T Thushara,2009-2010,6,4,2,12,8,6.00,18,66.66,0,0,0,0
K Upadhyay,2012-2013,3,2,2,12,11,0,9,133.33,0,0,0,0
MA Wood,2018-2023,5,3,1,12,10,6.00,8,150.00,0,0,0,1
RA Bawa,2022-2022,2,2,0,11,11,5.50,14,78.57,0,0,1,1
T Henderson,2009-2009,2,2,0,11,11,5.50,16,68.75,0,0,1,0
WG Jacks,2025-2025,1,1,0,11,11,11.00,7,157.14,0,0,0,2
T Kohli,2008-2009,4,4,1,11,7,3.66,19,57.89,0,0,0,0
M Ntini,2008-2008,9,2,1,11,11,11.00,18,61.11,0,0,0,2
MA Starc,2024-2025,15,6,3,11,6,3.66,16,68.75,0,0,2,1
DNT Zoysa,2008-2008,3,2,1,11,10,11.00,9,122.22,0,0,0,1
RK Bhui,2018-2024,4,4,0,10,7,2.50,26,38.46,0,0,2,0
Mukesh Kumar,2023-2025,21,5,4,10,6,10.00,18,55.55,0,0,0,0
AG Murtaza,2010-2013,15,3,2,10,5,10.00,14,71.42,0,0,0,1
TD Paine,2011-2011,2,2,0,10,8,5.00,26,38.46,0,0,0,0
KAJ Roach,2010-2010,2,1,0,10,10,10.00,9,111.11,0,0,0,1
JE Root,2023-2023,3,1,0,10,10,10.00,15,66.66,0,0,0,1
Jalaj S Saxena,2014-2021,4,2,0,10,10,5.00,9,111.11,0,0,1,0
SMSM Senanayake,2013-2013,8,4,3,10,7,10.00,17,58.82,0,0,0,0
BB Sran,2015-2019,24,9,8,10,3,10.00,14,71.42,0,0,0,0
X Thalaivan Sargunam,2013-2013,1,1,0,10,10,10.00,17,58.82,0,0,0,0
J Theron,2010-2015,10,4,2,10,7,5.00,12,83.33,0,0,1,1
VR Aaron,2011-2022,28,8,4,9,4,2.25,35,25.71,0,0,1,0
VG Arora,2022-2025,21,8,6,9,2,4.50,16,56.25,0,0,1,0
YS Chahal,2011-2025,54,4,2,9,5,4.50,13,69.23,0,0,0,0
SM Harwood,2009-2009,3,2,2,9,6,0,14,64.28,0,0,0,0
K Kartikeya,2022-2023,12,2,0,9,6,4.50,12,75.00,0,0,0,1
AA Kulkarni,2024-2024,2,2,0,9,9,4.50,8,112.50,0,0,1,2
M Muralidaran,2008-2010,46,6,2,9,4,2.25,13,69.23,0,0,1,1
M Prasidh Krishna,2018-2025,52,10,7,9,4,3.00,24,37.50,0,0,2,0
L Wood,2024-2024,2,1,1,9,9,0,3,300.00,0,0,0,0
KS Bharat,2022-2022,2,2,0,8,8,4.00,7,114.28,0,0,1,2
P Chopra,2018-2019,2,1,0,8,8,8.00,6,133.33,0,0,0,2
D Ferreira,2024-2024,2,2,0,8,7,4.00,11,72.72,0,0,0,0
Jaskaran Singh,2009-2010,8,5,4,8,4,8.00,11,72.72,0,0,0,0
OC McCoy,2022-2023,8,1,0,8,8,8.00,5,160.00,0,0,0,0
CJ McKay,2012-2012,2,1,0,8,8,8.00,15,53.33,0,0,0,0
JPR Scantlebury-Searles,2018-2018,4,2,1,8,6,8.00,6,133.33,0,0,0,0
TM Srivastava,2008-2009,7,3,2,8,7,8.00,11,72.72,0,0,0,0
SA Abbott,2022-2022,1,1,0,7,7,7.00,5,140.00,0,0,0,0
Ankit Soni,2017-2017,7,3,1,7,7,3.50,9,77.77,0,0,2,0
UA Birla,2013-2013,2,1,0,7,7,7.00,14,50.00,0,0,0,1
AN Ghosh,2009-2009,2,2,0,7,7,3.50,8,87.50,0,0,1,1
Harshit Rana,2022-2025,22,4,1,7,5,2.33,9,77.77,0,0,1,1
BW Hilfenhaus,2012-2014,21,3,3,7,7,0,6,116.66,0,0,0,0
SH Johnson,2024-2025,6,4,4,7,5,0,8,87.50,0,0,0,1
I Malhotra,2011-2011,1,1,1,7,7,0,4,175.00,0,0,0,1
VS Malik,2009-2014,16,2,1,7,6,7.00,7,100.00,0,0,0,1
Parvez Rasool,2013-2015,7,4,3,7,4,7.00,11,63.63,0,0,0,0
Simarjeet Singh,2022-2025,11,3,2,7,3,7.00,8,87.50,0,0,0,0
IS Sodhi,2018-2019,8,2,0,7,6,3.50,17,41.17,0,0,0,0
M Theekshana,2022-2025,28,2,1,7,7,7.00,7,100.00,0,0,1,0
AU Verma,2025-2025,1,1,0,7,7,7.00,3,233.33,0,0,0,0
V Viyaskanth,2024-2024,3,1,1,7,7,0,5,140.00,0,0,0,0
JP Behrendorff,2019-2023,17,2,2,6,3,0,9,66.66,0,0,0,0
BA Bhatt,2011-2013,17,2,1,6,6,6.00,7,85.71,0,0,1,0
MV Boucher,2011-2011,4,3,2,6,5,6.00,6,100.00,0,0,0,0
DM Bravo,2017-2017,1,1,1,6,6,0,5,120.00,0,0,0,1
PSP Handscomb,2016-2016,2,1,0,6,6,6.00,12,50.00,0,0,0,0
Mukesh Choudhary,2022-2024,14,2,1,6,4,6.00,6,100.00,0,0,0,1
SS Shaikh,2009-2009,2,1,0,6,6,6.00,7,85.71,0,0,0,1
P Awana,2012-2014,38,8,5,5,4,1.66,16,31.25,0,0,3,0
B Laughlin,2013-2018,9,4,2,5,4,2.50,13,38.46,0,0,2,0
Pankaj Singh,2008-2012,12,2,2,5,4,0,8,62.50,0,0,0,0
Shivam Sharma,2014-2015,5,2,1,5,4,5.00,3,166.66,0,0,0,1
SJ Srivastava,2010-2011,14,4,3,5,3,5.00,5,100.00,0,0,1,0
B Stanlake,2018-2018,4,1,1,5,5,0,2,250.00,0,0,0,1
A Chandila,2012-2013,12,2,2,4,4,0,7,57.14,0,0,0,0
A Dananjaya,2018-2018,1,1,1,4,4,0,5,80.00,0,0,0,0
CRD Fernando,2008-2010,10,2,2,4,2,0,3,133.33,0,0,0,0
RV Gomez,2013-2013,2,1,1,4,4,0,1,400.00,0,0,0,1
Litton Das,2023-2023,1,1,0,4,4,4.00,4,100.00,0,0,0,1
GD McGrath,2008-2009,16,3,2,4,4,4.00,5,80.00,0,0,1,1
A Madhwal,2023-2024,13,1,1,4,4,0,5,80.00,0,0,0,0
DP Nannes,2009-2013,31,3,2,4,3,4.00,13,30.76,0,0,0,0
VRV Singh,2008-2010,19,2,0,4,4,2.00,3,133.33,0,0,1,1
RS Sodhi,2010-2010,3,1,1,4,4,0,2,200.00,0,0,0,1
S Sriram,2011-2011,1,1,0,4,4,4.00,7,57.14,0,0,0,0
A Tomar,2022-2022,1,1,0,4,4,4.00,8,50.00,0,0,0,1
A Uniyal,2010-2010,2,2,1,4,4,4.00,7,57.14,0,0,1,0
KB Arun Karthik,2010-2010,1,1,1,3,3,0,5,60.00,0,0,0,0
Fazalhaq Farooqi,2022-2025,8,2,2,3,2,0,13,23.07,0,0,0,0
D Kalyankrishna,2008-2008,3,1,0,3,3,3.00,8,37.50,0,0,0,0
Kamran Khan,2009-2011,9,2,1,3,3,3.00,5,60.00,0,0,0,0
K Kushagra,2024-2024,4,3,0,3,2,1.00,7,42.85,0,0,1,0
BAW Mendis,2008-2013,10,3,1,3,2,1.50,6,50.00,0,0,1,0
R Minz,2025-2025,1,1,0,3,3,3.00,9,33.33,0,0,0,0
Mohammad Asif,2008-2008,8,2,0,3,3,1.50,6,50.00,0,0,1,0
T Natarajan,2017-2024,61,4,4,3,3,0,5,60.00,0,0,0,0
Sachin Baby,2013-2013,4,1,0,3,3,3.00,7,42.85,0,0,0,0
JE Taylor,2011-2011,5,2,1,3,2,3.00,3,100.00,0,0,0,0
S Tyagi,2009-2010,14,3,2,3,3,3.00,4,75.00,0,0,1,0
GC Viljoen,2019-2019,6,3,1,3,2,1.50,7,42.85,0,0,1,0
Younis Khan,2008-2008,1,1,0,3,3,3.00,7,42.85,0,0,0,0
H Das,2008-2008,1,1,0,2,2,2.00,5,40.00,0,0,0,0
RS Gavaskar,2010-2010,2,1,0,2,2,2.00,8,25.00,0,0,0,0
RJ Gleeson,2024-2024,2,1,1,2,2,0,2,100.00,0,0,0,0
S Randiv,2011-2011,8,1,0,2,2,2.00,4,50.00,0,0,0,0
A Kamboj,2024-2024,3,1,1,2,2,0,2,100.00,0,0,0,0
Mashrafe Mortaza,2009-2009,1,1,1,2,2,0,2,100.00,0,0,0,0
Mohammad Ashraful,2009-2009,1,1,0,2,2,2.00,10,20.00,0,0,0,0
RG More,2015-2015,2,1,1,2,2,0,2,100.00,0,0,0,0
NA Saini,2022-2023,4,1,0,2,2,2.00,2,100.00,0,0,0,0
T Shamsi,2021-2021,1,1,1,2,2,0,4,50.00,0,0,0,0
BR Sharath,2024-2024,1,1,0,2,2,2.00,5,40.00,0,0,0,0
Shivam Singh,2024-2024,1,1,1,2,2,0,3,66.66,0,0,0,0
Shoaib Akhtar,2008-2008,3,1,0,2,2,2.00,7,28.57,0,0,0,0
A Singh,2009-2012,24,5,1,2,1,0.50,10,20.00,0,0,3,0
SB Wagh,2010-2011,8,2,0,2,2,1.00,3,66.66,0,0,1,0
VS Yeligati,2008-2008,2,1,0,2,2,2.00,2,100.00,0,0,0,0
Abdul Basith,2023-2023,1,1,1,1,1,0,1,100.00,0,0,0,0
Abhinav Kumar,2009-2009,1,1,0,1,1,1.00,3,33.33,0,0,0,0
KK Ahmed,2018-2025,58,5,0,1,1,0.20,7,14.28,0,0,4,0
SE Bond,2010-2010,8,1,0,1,1,1.00,2,50.00,0,0,0,0
M de Lange,2012-2015,5,1,0,1,1,1.00,2,50.00,0,0,0,0
HF Gurney,2019-2019,8,1,1,1,1,0,5,20.00,0,0,0,0
BE Hendricks,2014-2015,7,3,2,1,1,1.00,3,33.33,0,0,1,0
JL Langer,2009-2009,1,1,0,1,1,1.00,2,50.00,0,0,0,0
KA Maharaj,2024-2024,2,1,0,1,1,1.00,2,50.00,0,0,0,0
Mohit Rathee,2023-2023,1,1,1,1,1,0,2,50.00,0,0,0,0
SZ Mulani,2024-2024,2,1,1,1,1,0,1,100.00,0,0,0,0
DJ Muthuswami,2015-2015,6,2,1,1,1,1.00,3,33.33,0,0,0,0
LE Plunkett,2018-2018,7,2,1,1,1,1.00,3,33.33,0,0,1,0
PVSN Raju,2025-2025,1,1,1,1,1,0,1,100.00,0,0,0,0
NJ Rimmington,2011-2011,1,1,1,1,1,0,1,100.00,0,0,0,0
PM Sarvesh Kumar,2008-2008,2,1,1,1,1,0,2,50.00,0,0,0,0
Shoaib Ahmed,2009-2009,8,3,1,1,1,0.50,6,16.66,0,0,2,0
MJ Suthar,2024-2024,1,1,0,1,1,1.00,2,50.00,0,0,0,0
DP Vijaykumar,2008-2008,9,2,2,1,1,0,1,100.00,0,0,0,0
LB Williams,2024-2024,2,1,1,1,1,0,2,50.00,0,0,0,0
S Ladda,2010-2016,9,2,1,0,0,0.00,9,0.00,0,0,1,0
YA Abdulla,2009-2010,11,1,1,0,0,0,1,0.00,0,0,0,0
L Ablish,2010-2011,3,1,1,0,0,0,2,0.00,0,0,0,0
Anuj Rawat,2021-2021,2,1,0,0,0,0.00,1,0.00,0,0,1,0
KM Asif,2018-2023,7,1,0,0,0,0.00,2,0.00,0,0,1,0
SS Cottrell,2020-2020,6,1,0,0,0,0.00,2,0.00,0,0,1,0
JL Denly,2019-2019,1,1,0,0,0,0.00,1,0.00,0,0,1,0
ND Doshi,2011-2011,3,1,0,0,0,0.00,13,0.00,0,0,1,0
C Ganapathy,2010-2010,1,1,1,0,0,0,0,0,0,0,0,0
Sunny Gupta,2012-2012,1,1,0,0,0,0.00,1,0.00,0,0,1,0
JW Hastings,2014-2016,4,1,1,0,0,0,0,0,0,0,0,0
U Kaul,2008-2008,5,1,1,0,0,0,1,0.00,0,0,0,0
S Kaushik,2016-2017,10,2,1,0,0,0.00,1,0.00,0,0,1,0
S Lamichhane,2018-2019,9,1,0,0,0,0.00,1,0.00,0,0,1,0
CK Langeveldt,2009-2010,4,1,0,0,0,0.00,1,0.00,0,0,1,0
RP Meredith,2021-2023,18,3,3,0,0,0,3,0.00,0,0,0,0
TS Mills,2022-2022,5,2,1,0,0,0.00,3,0.00,0,0,1,0
A Mukund,2008-2008,2,1,0,0,0,0.00,1,0.00,0,0,1,0
C Nanda,2009-2009,3,1,0,0,0,0.00,1,0.00,0,0,1,0
A Nel,2008-2008,1,1,0,0,0,0.00,0,0,0,0,1,0
IC Pandey,2013-2015,27,1,0,0,0,0.00,2,0.00,0,0,1,0
V Pratap Singh,2012-2012,9,1,0,0,0,0.00,1,0.00,0,0,1,0
Y Prithvi Raj,2019-2019,2,1,1,0,0,0,1,0.00,0,0,0,0
DS Rathi,2025-2025,1,1,1,0,0,0,0,0,0,0,0,0
R Sanjay Yadav,2022-2022,1,1,0,0,0,0.00,2,0.00,0,0,1,0
KR Sen,2022-2024,12,1,1,0,0,0,3,0.00,0,0,0,0
TP Sudhindra,2012-2012,3,1,1,0,0,0,0,0,0,0,0,0
K Yadav,2021-2023,3,1,1,0,0,0,4,0.00,0,0,0,0
Yash Dayal,2022-2023,14,1,0,0,0,0.00,1,0.00,0,0,1,0
P Amarnath,2008-2008,6,0,0,0,0,0,0,0,0,0,0,0
SS Agarwal,2017-2017,1,0,0,0,0,0,0,0,0,0,0,0
Akash Singh,2021-2023,7,0,0,0,0,0,0,0,0,0,0,0
Anand Rajan,2011-2013,8,0,0,0,0,0,0,0,0,0,0,0
S Badree,2013-2014,5,0,0,0,0,0,0,0,0,0,0,0
SM Boland,2016-2016,2,0,0,0,0,0,0,0,0,0,0,0
RR Bose,2009-2009,1,0,0,0,0,0,0,0,0,0,0,0
N Burger,2024-2024,6,0,0,0,0,0,0,0,0,0,0,0
MJ Dagar,2023-2023,3,0,0,0,0,0,0,0,0,0,0,0
CJ Dala,2018-2018,1,0,0,0,0,0,0,0,0,0,0,0
KH Devdhar,2011-2011,1,0,0,0,0,0,0,0,0,0,0,0
P Dharmani,2008-2008,1,0,0,0,0,0,0,0,0,0,0,0
Gagandeep Singh,2008-2008,4,0,0,0,0,0,0,0,0,0,0,0
B Geeves,2008-2008,2,0,0,0,0,0,0,0,0,0,0,0
R Goyal,2023-2023,1,0,0,0,0,0,0,0,0,0,0,0
CJ Green,2020-2020,1,0,0,0,0,0,0,0,0,0,0,0
Gurnoor Brar,2023-2023,1,0,0,0,0,0,0,0,0,0,0,0
RS Hangargekar,2023-2023,2,0,0,0,0,0,0,0,0,0,0,0
Harmeet Singh,2013-2013,1,0,0,0,0,0,0,0,0,0,0,0
JR Hazlewood,2020-2021,12,0,0,0,0,0,0,0,0,0,0,0
MJ Henry,2017-2024,6,0,0,0,0,0,0,0,0,0,0,0
D Jansen,2023-2023,1,0,0,0,0,0,0,0,0,0,0,0
S Joseph,2024-2024,1,0,0,0,0,0,0,0,0,0,0,0
V Kaverappa,2024-2024,1,0,0,0,0,0,0,0,0,0,0,0
K Khejroliya,2023-2023,2,0,0,0,0,0,0,0,0,0,0,0
SC Kuggeleijn,2019-2019,2,0,0,0,0,0,0,0,0,0,0,0
JB Little,2023-2024,11,0,0,0,0,0,0,0,0,0,0,0
SSB Magala,2023-2023,2,0,0,0,0,0,0,0,0,0,0,0
KT Maphaka,2024-2024,2,0,0,0,0,0,0,0,0,0,0,0
LI Meriwala,2021-2021,1,0,0,0,0,0,0,0,0,0,0,0
S Midhun,2019-2019,1,0,0,0,0,0,0,0,0,0,0,0
T Mishra,2012-2012,1,0,0,0,0,0,0,0,0,0,0,0
Mohammed Siraj,2017-2025,7,0,0,0,0,0,0,0,0,0,0,0
Monu Kumar,2020-2020,1,0,0,0,0,0,0,0,0,0,0,0
SS Mundhe,2011-2011,1,0,0,0,0,0,0,0,0,0,0,0
MG Neser,2013-2013,1,0,0,0,0,0,0,0,0,0,0,0
L Ngidi,2018-2021,14,0,0,0,0,0,0,0,0,0,0,0
MB Parmar,2010-2010,1,0,0,0,0,0,0,0,0,0,0,0
M Pathirana,2022-2024,20,0,0,0,0,0,0,0,0,0,0,0
RV Pawar,2008-2008,1,0,0,0,0,0,0,0,0,0,0,0
IC Porel,2021-2021,1,0,0,0,0,0,0,0,0,0,0,0
RW Price,2011-2011,1,0,0,0,0,0,0,0,0,0,0,0
Prince Yadav,2025-2025,1,0,0,0,0,0,0,0,0,0,0,0
V Puthur,2025-2025,1,0,0,0,0,0,0,0,0,0,0,0
AM Salvi,2009-2011,8,0,0,0,0,0,0,0,0,0,0,0
S Sandeep Warrier,2019-2024,10,0,0,0,0,0,0,0,0,0,0,0
GS Sandhu,2015-2015,3,0,0,0,0,0,0,0,0,0,0,0
K Santokie,2014-2014,2,0,0,0,0,0,0,0,0,0,0,0
SS Sarkar,2009-2009,2,0,0,0,0,0,0,0,0,0,0,0
RA Shaikh,2009-2009,1,0,0,0,0,0,0,0,0,0,0,0
M Siddharth,2024-2025,4,0,0,0,0,0,0,0,0,0,0,0
NB Singh,2017-2017,2,0,0,0,0,0,0,0,0,0,0,0
PH Solanki,2022-2022,2,0,0,0,0,0,0,0,0,0,0,0
Suryansh Shedge,2025-2025,1,0,0,0,0,0,0,0,0,0,0,0
P Suyal,2013-2015,5,0,0,0,0,0,0,0,0,0,0,0
Suyash Sharma,2023-2024,13,0,0,0,0,0,0,0,0,0,0,0
Tejas Baroka,2017-2017,1,0,0,0,0,0,0,0,0,0,0,0
Yash Thakur,2023-2024,19,0,0,0,0,0,0,0,0,0,0,0
O Thomas,2019-2019,4,0,0,0,0,0,0,0,0,0,0,0
N Thushara,2024-2024,7,0,0,0,0,0,0,0,0,0,0,0
V Vyshak,2025-2025,1,0,0,0,0,0,0,0,0,0,0,0
DJ Willey,2018-2018,3,0,0,0,0,0,0,0,0,0,0,0
MP Yadav,2024-2024,4,0,0,0,0,0,0,0,0,0,0,0
